{"cameraMode":{"drawMode":0,"name":"Shaded","section":"Shading Mode"},"sceneLighting":false,"audioPlay":false,"sceneViewState":{"m_AlwaysRefresh":false,"showFog":true,"showSkybox":false,"showFlares":true,"showImageEffects":true,"showParticleSystems":true,"showVisualEffectGraphs":true,"m_FxEnabled":true},"in2DMode":false,"pivot":{"x":-2.1324143409729006,"y":0.25492775440216067,"z":1.7531728744506837},"rotation":{"x":-0.011503707617521286,"y":0.9877802133560181,"z":-0.09005322307348252,"w":-0.1277545839548111},"size":0.13678376376628877,"orthographic":false}